Country	UserPrincipalName	DisplayName	TelephoneCountryCode	Password	GivenName	EmailAddress	MobilePhone	Company	Initials	Title	SamAccountName	StreetAddress	PostalCode	Gender	Surname	CountryFull	City	Path
NL	hassing@irwinstrachangmail.onmicrosoft.com	Tiede Mateman	31	Yul3pah6ue	Tiede	TiedeMateman@superrito.com	06-20430929	Universal Design Partners	G	Mr.	Hassing	Koningin Julianastraat 17	4153 BX	male	Mateman	Netherlands	Beesd	OU=Demo,DC=pshirwin,DC=local
NL	snest1997@irwinstrachangmail.onmicrosoft.com	Yenthe Rullens	31	Toujoo9mohw	Yenthe	YentheRullens@cuvox.de	06-19369752	Universal Design Partners	R	Mrs.	Snest1997	Nieuwe Gouwe Westzijde 57	2802 AN	female	Rullens	Netherlands	Gouda	OU=Demo,DC=pshirwin,DC=local
NL	stioser@irwinstrachangmail.onmicrosoft.com	Naïm Honsbeek	31	uQuiakie1ah	Naïm	NaimHonsbeek@einrot.com	06-53199961	Universal Design Partners	H	Mr.	Stioser	Agatha Dekenstraat 35	1053 AN	male	Honsbeek	Netherlands	Amsterdam	OU=Demo,DC=pshirwin,DC=local
NL	deepiefface@irwinstrachangmail.onmicrosoft.com	Bruna Meekel	31	Eivait2Ah	Bruna	BrunaMeekel@rhyta.com	06-98535856	Universal Design Partners	G	Mrs.	Deepiefface	Akkerwinde 142	5374 DB	female	Meekel	Netherlands	Schaijk	OU=Demo,DC=pshirwin,DC=local
NL	fectilourn@irwinstrachangmail.onmicrosoft.com	Rony Barentsen	31	Ee9ahza1y	Rony	RonyBarentsen@jourrapide.com	06-36089100	Universal Design Partners	D	Mrs.	Fectilourn	Broeder Aloysiusstraat 43	6411 KM	female	Barentsen	Netherlands	Heerlen	OU=Demo,DC=pshirwin,DC=local
NL	forn1959@irwinstrachangmail.onmicrosoft.com	Abderrahmane Mook	31	aengohC6oh	Abderrahmane	AbderrahmaneMook@gustr.com	06-76545722	Universal Design Partners	F	Dr.	Forn1959	Wipmolen 15	2957 JE	male	Mook	Netherlands	Nieuw-Lekkerland	OU=Demo,DC=pshirwin,DC=local
NL	fackither@irwinstrachangmail.onmicrosoft.com	Lindy de Swart	31	Jeedoh0Die	Lindy	LindydeSwart@gustr.com	06-73035144	Universal Design Partners	B	Ms.	Fackither	Willem Elsschotsingel 192	2182 ZS	female	de Swart	Netherlands	Hillegom	OU=Demo,DC=pshirwin,DC=local
NL	surriess@irwinstrachangmail.onmicrosoft.com	Fatna van der List	31	oof5lohxieG	Fatna	FatnavanderList@cuvox.de	06-66440635	Universal Design Partners	D	Ms.	Surriess	Koolemans Beynenstraat 147	6521 ES	female	van der List	Netherlands	Nijmegen	OU=Demo,DC=pshirwin,DC=local
NL	hatearne@irwinstrachangmail.onmicrosoft.com	Steyn van der Geest	31	tieZo7Ai	Steyn	SteynvanderGeest@superrito.com	06-73371726	Warehouse Club, Inc.	Y	Mr.	Hatearne	Larixlaan 152	7642 VA	male	van der Geest	Netherlands	Wierden	OU=Demo,DC=pshirwin,DC=local
NL	tromis@irwinstrachangmail.onmicrosoft.com	April Coppoolse	31	jeiJ4eeTh	April	AprilCoppoolse@teleworm.us	06-56061026	Warehouse Club, Inc.	S	Mrs.	Tromis	Ruiterpad 161	3911 SJ	female	Coppoolse	Netherlands	Rhenen	OU=Demo,DC=pshirwin,DC=local
